#
# Apache/PHP/Drupal settings:
#

# Protect files and directories from prying eyes.
<FilesMatch "\.(engine|inc|info|install|make|module|profile|test|po|sh|.*sql|theme|tpl(\.php)?|xtmpl)(~|\.sw[op]|\.bak|\.orig|\.save)?$|^(\..*|Entries.*|Repository|Root|Tag|Template)$|^#.*#$|\.php(~|\.sw[op]|\.bak|\.orig\.save)$">
  Order allow,deny
</FilesMatch>

# Don't show directory listings for URLs which map to a directory.
Options -Indexes

# Follow symbolic links in this directory.
Options +FollowSymLinks

# Make Drupal handle any 404 errors.
ErrorDocument 404 /index.php

# Set the default handler.
DirectoryIndex index.php index.html index.htm

# Override PHP settings that cannot be changed at runtime. See
# sites/default/default.settings.php and drupal_environment_initialize() in
# includes/bootstrap.inc for settings that can be changed at runtime.

# PHP 5, Apache 1 and 2.
<IfModule mod_php5.c>
  php_flag magic_quotes_gpc                 off
  php_flag magic_quotes_sybase              off
  php_flag register_globals                 off
  php_flag session.auto_start               off
  php_value mbstring.http_input             pass
  php_value mbstring.http_output            pass
  php_flag mbstring.encoding_translation    off
</IfModule>

# Requires mod_expires to be enabled.
<IfModule mod_expires.c>
  # Enable expirations.
  ExpiresActive On

  # Cache all files for 2 weeks after access (A).
  ExpiresDefault A1209600

  <FilesMatch \.php$>
    # Do not allow PHP scripts to be cached unless they explicitly send cache
    # headers themselves. Otherwise all scripts would have to overwrite the
    # headers set by mod_expires if they want another caching behavior. This may
    # fail if an error occurs early in the bootstrap process, and it may cause
    # problems if a non-Drupal PHP file is installed in a subdirectory.
    ExpiresActive Off
  </FilesMatch>
</IfModule>

# Various rewrite rules.
<IfModule mod_rewrite.c>
  RewriteEngine on
  
  
#Redirect 301 "/faq" http://www.gastrorockies.com/resources/faq
Redirect 301 "/faq" http://www.gastrorockies.com/resources/faq
Redirect 301 "/insurance" http://www.gastrorockies.com/billing
#Redirect 301 "/node/142" http://www.gastrorockies.com/preps/egd
Redirect 301 "/privacy-policy" http://www.gastrorockies.com/notice-privacy-policies
#Redirect 301 "/node/132" http://www.gastrorockies.com/preps/moviprep
#Redirect 301 "/node/129" http://www.gastrorockies.com/preps/gallon-prep
#Redirect 301 "/node/133" http://www.gastrorockies.com/preps/prepopik
#Redirect 301 "/node/130" http://www.gastrorockies.com/preps/halflytely
#Redirect 301 "/node/147" http://www.gastrorockies.com/preps/hemorrhoid-treatment-irc
#Redirect 301 "/node/134" http://www.gastrorockies.com/preps/suprep
#Redirect 301 "/node/139" http://www.gastrorockies.com/preps/flexible-sigmoidoscopy-without-sedation
#Redirect 301 "/node/143" http://www.gastrorockies.com/preps/flexible-sigmoidoscopy-sedation
#Redirect 301 "/node/135" http://www.gastrorockies.com/about-us/our-locations/gastroenterology-rockies-lakewood-co
#Redirect 301 "/node/141" http://www.gastrorockies.com/preps/flexible-sigmoidoscopy-sedation
#Redirect 301 "/node/123" http://www.gastrorockies.com/services/clinical-research-of-the-rockies
#Redirect 301 "/node/145" http://www.gastrorockies.com/preps/agile-patency-capsule-study
#Redirect 301 "/node/130" http://www.gastrorockies.com/preps/halflytely
#Redirect 301 "/node/146" http://www.gastrorockies.com/preps/capsule-endoscopy
Redirect 301 "/procedure-prep" http://www.gastrorockies.com/preps
#Redirect 301 "/node/144" http://www.gastrorockies.com/preps/procedures-performed-at-our-centers/colonoscopy
#Redirect 301 "/node/138" http://www.gastrorockies.com/preps/Procedures-Performed-at-Our-Centers
#Redirect 301 "/node/126" http://www.gastrorockies.com/preps/Procedures-Performed-at-Our-Centers
Redirect 301 "/our-services" http://www.gastrorockies.com/services
#Redirect 301 "/node/128" http://www.gastrorockies.com/preps/procedures-performed-our-centers/colonoscopy-procedures/our-instructions
#Redirect 301 "/node/127" http://www.gastrorockies.com/preps/procedures-performed-at-a-hospital
Redirect 301 "/colonoscopy-prep/moviprep" http://www.gastrorockies.com/preps/moviprep
Redirect 301 "/our-services/hemorrhoids" http://www.gastrorockies.com/services/conditions-we-treat
#Redirect 301 "/about-us/our-locations" http://www.gastrorockies.com/about-us/our-location
Redirect 301 "/our-services/endoscopic-ultrasound" http://www.gastrorockies.com/our-services
Redirect 301 "/our-services/flexible-sigmoidoscopy" http://www.gastrorockies.com/our-services
Redirect 301 "/notice-of-privacy-practices" http://www.gastrorockies.com/notice-privacy-policies
Redirect 301 "/contact-us/schedule-appointment" http://www.gastrorockies.com/request-appointment
Redirect 301 "/procedure-preps/anoscopy-prep-instructions" http://www.gastrorockies.com/preps
Redirect 301 "/our-services/procedures-we-perform" http://www.gastrorockies.com/services/procedures-we-perform
Redirect 301 "/colonoscopy-prep/colon-prep-faqs" http://www.gastrorockies.com/resources/faq
Redirect 301 "/doctor-profiles/david-gatof-md" http://www.gastrorockies.com/about-us/our-providers/david-gatof
Redirect 301 "/health-resources/news-amp-events" http://www.gastrorockies.com/news
Redirect 301 "/our-services/clinical-research-rockies" http://www.gastrorockies.com/services/clinical-research-of-the-rockies
Redirect 301 "/about-us/meet-our-doctors" http://www.gastrorockies.com/about-us/our-providers
Redirect 301 "/doctor-profiles/ramu-raju-md" http://www.gastrorockies.com/about-us/our-providers/ramu-raju
Redirect 301 "/doctor-profiles/daus-mahnke-md" http://www.gastrorockies.com/about-us/our-providers/daus-mahnke
Redirect 301 "/about-us/special-womens-services" http://www.gastrorockies.com/services/special-womens-services
Redirect 301 "/procedure-preps/colonoscopy-prep-instructions" http://www.gastrorockies.com/preps/procedures-performed-at-our-centers/colonoscopy
Redirect 301 "/our-services/procedures-we-perform/anoscopy" http://www.gastrorockies.com/services/procedures-we-perform
Redirect 301 "/procedure-preps/flexible-sigmoidoscopy-prep-instructions" http://www.gastrorockies.com/preps/procedures-performed-at-our-centers
Redirect 301 "/our-services/procedures-we-perform/colonoscopy" http://www.gastrorockies.com/services/procedures-we-perform
Redirect 301 "/about-us/affiliations-top-notch-hospitals" http://www.gastrorockies.com/about-us/hospital-affiliations
Redirect 301 "/doctor-profiles/matthew-w-karowe-md" http://www.gastrorockies.com/about-us/our-providers/matthew-w-karowe
Redirect 301 "/doctor-profiles/robert-p-dolan-md" http://www.gastrorockies.com/about-us/our-providers/robert-p-dolan
Redirect 301 "/contact-us/broomfield-map-amp-directions" http://www.gastrorockies.com/about-us/our-locations/gastroenterology-rockies-broomfield
Redirect 301 "/our-services/procedures-we-perform/ercp" http://www.gastrorockies.com/services/procedures-we-perform
Redirect 301 "/news-events/take-steps-kickoff-event" http://www.gastrorockies.com/news/take-steps-kickoff-event
Redirect 301 "/our-services/procedures-we-perform/endoscopy-egd" http://www.gastrorockies.com/services/procedures-we-perform
Redirect 301 "/doctor-profiles/steven-t-chetham-md-facp" http://www.gastrorockies.com/about-us/our-providers/steven-t-chetman
Redirect 301 "/procedure-preps/upper-endoscopy/egd-prep-instructions" http://www.gastrorockies.com/preps/egd
Redirect 301 "/doctor-profiles/peter-s-kaye-md-facg" http://www.gastrorockies.com/about-us/our-providers/peter-s-kaye
Redirect 301 "/procedure-preps/infrared-coagulation-irc-prep-instructions" http://www.gastrorockies.com/preps
Redirect 301 "/our-services/procedures-we-perform/esophageal-manometry" http://www.gastrorockies.com/services/procedures-we-perform
Redirect 301 "/news-events/march-colorectal-cancer-awareness-month" http://www.gastrorockies.com/news/march-colorectal-cancer-awareness-month
Redirect 301 "/our-services/procedures-we-perform/capsule-endoscopy" http://www.gastrorockies.com/services/procedures-we-perform
Redirect 301 "/colonoscopy-prep/esophageal-motility-study-prep-instructions" http://www.gastrorockies.com/preps
Redirect 301 "/our-services/clinical-research-rockies/our-current-studies" http://www.gastrorockies.com/services/clinical-research-of-the-rockies/current-studies
Redirect 301 "/our-services/procedures-we-perform/infrared-coagulation-irc" http://www.gastrorockies.com/services/procedures-we-perform
Redirect 301 "/news-events/quotpeak-performers-awardquot-awarded-dr-mahnke" http://www.gastrorockies.com/news/peak-performers-award-awarded-dr-mahnke
Redirect 301 "/doctor-profiles/joel-r-montbriand-md-facp-facg" http://www.gastrorockies.com/about-us/our-providers/joel-r-montbriand
Redirect 301 "/about-us/our-locations/lafayette-map-amp-directions" http://www.gastrorockies.com/about-us/our-locations/gastroenterology-rockies-lafayette
Redirect 301 "/about-us/our-locations/longmont-map-amp-directions" http://www.gastrorockies.com/about-us/our-locations/gastroenterology-rockies-longmont
Redirect 301 "/about-us/our-locations/boulder-map-amp-directions" http://www.gastrorockies.com/about-us/our-locations/gastroenterology-rockies-boulder
Redirect 301 "/news-events/dr-montbriand-receives-2010-distinguished-service-award" http://www.gastrorockies.com/news/dr-montbriand-receives-2010-distinguished-service-award
Redirect 301 "/colonoscopy-prep/ambulatory-reflux-study-acid-only-prep-instructions" http://www.gastrorockies.com/preps/procedures-performed-at-our-centers/colonoscopy
Redirect 301 "/news-events/saturday-colon-screenings-now-available-through-2012" http://www.gastrorockies.com/news/saturday-colon-screenings-now-available-through-2012
Redirect 301 "/colonoscopy-prep/one-gallon-prep-faqs/one-gallon-prep" http://www.gastrorockies.com/preps/gallon-prep
Redirect 301 "/our-services/digestive-disease-services/crohn039s-disease-and-ulcerative-colitis" http://www.gastrorockies.com/services/conditions-we-treat
Redirect 301 "/our-services/diseases-and-conditions-we-treat/irritable-bowel-syndrome" http://www.gastrorockies.com/services/conditions-we-treat
Redirect 301 "/our-services/diseases-and-conditions-we-diagnois-treat-amp-prevent" http://www.gastrorockies.com/services/conditions-we-treat
Redirect 301 "/news-events/dr-montbriand-named-ernst-amp-young039s-entrepreneur-year" http://www.gastrorockies.com/news/dr-montbriand-named-ernst-youngs-entrepreneur-year
Redirect 301 "/our-services/diseases-and-conditions-we-treat/acid-reflux-or-gerd" http://www.gastrorockies.com/services/conditions-we-treat
Redirect 301 "/news-events/quotreport-affirms-lifesaving-role-colonoscopyquot-new-york-times-article" http://www.gastrorockies.com/news/report-affirms-lifesaving-role-colonoscopy-new-york-times-article
Redirect 301 "/news-events/peter-s-kaye-md-interview-boulder-channel-8-50up" http://www.gastrorockies.com/news/peter-s-kaye-md-interview-boulder-channel-8-50up
Redirect 301 "/news-events/dr-oz039s-colonoscopy-findings-seen-quotthe-dr-oz-showquot" http://www.gastrorockies.com/news/dr-ozs-colonoscopy-findings-seen-dr-oz-show
Redirect 301 "/news-events/dr-montbriand-and-local-physicians-discuss-benefits-health-information-exchange" http://www.gastrorockies.com/news/dr-montbriand-and-local-physicians-discuss-benefits-health-information-exchange
Redirect 301 "/news-events/quotwhat-i-learned-my-cancer-scarequot-time-magazine039s-article-dr-oz" http://www.gastrorockies.com/news/what-i-learned-my-cancer-scare-time-magazines-article-dr-oz
Redirect 301 "/health-resources/news-amp-events?page=1" http://www.gastrorockies.com/news



  # Set "protossl" to "s" if we were accessed via https://.  This is used later
  # if you enable "www." stripping or enforcement, in order to ensure that
  # you don't bounce between http and https.
  RewriteRule ^ - [E=protossl]
  RewriteCond %{HTTPS} on
  RewriteRule ^ - [E=protossl:s]

  # Make sure Authorization HTTP header is available to PHP
  # even when running as CGI or FastCGI.
  RewriteRule ^ - [E=HTTP_AUTHORIZATION:%{HTTP:Authorization}]

  # Block access to "hidden" directories whose names begin with a period. This
  # includes directories used by version control systems such as Subversion or
  # Git to store control files. Files whose names begin with a period, as well
  # as the control files used by CVS, are protected by the FilesMatch directive
  # above.
  #
  # NOTE: This only works when mod_rewrite is loaded. Without mod_rewrite, it is
  # not possible to block access to entire directories from .htaccess, because
  # <DirectoryMatch> is not allowed here.
  #
  # If you do not have mod_rewrite installed, you should remove these
  # directories from your webroot or otherwise protect them from being
  # downloaded.
  RewriteRule "(^|/)\." - [F]

  # If your site can be accessed both with and without the 'www.' prefix, you
  # can use one of the following settings to redirect users to your preferred
  # URL, either WITH or WITHOUT the 'www.' prefix. Choose ONLY one option:
  #
  # To redirect all users to access the site WITH the 'www.' prefix,
  # (http://example.com/... will be redirected to http://www.example.com/...)
  # uncomment the following:
   RewriteCond %{HTTP_HOST} .
   RewriteCond %{HTTP_HOST} !^www\. [NC]
   RewriteRule ^ http%{ENV:protossl}://www.%{HTTP_HOST}%{REQUEST_URI} [L,R=301]
  #
  # To redirect all users to access the site WITHOUT the 'www.' prefix,
  # (http://www.example.com/... will be redirected to http://example.com/...)
  # uncomment the following:
  # RewriteCond %{HTTP_HOST} ^www\.(.+)$ [NC]
  # RewriteRule ^ http%{ENV:protossl}://%1%{REQUEST_URI} [L,R=301]

  # Modify the RewriteBase if you are using Drupal in a subdirectory or in a
  # VirtualDocumentRoot and the rewrite rules are not working properly.
  # For example if your site is at http://example.com/drupal uncomment and
  # modify the following line:
  # RewriteBase /drupal
  #
  # If your site is running in a VirtualDocumentRoot at http://example.com/,
  # uncomment the following line:
  # RewriteBase /

  # Pass all requests not referring directly to files in the filesystem to
  # index.php. Clean URLs are handled in drupal_environment_initialize().
  RewriteCond %{REQUEST_FILENAME} !-f
  RewriteCond %{REQUEST_FILENAME} !-d
  RewriteCond %{REQUEST_URI} !=/favicon.ico
  RewriteRule ^ index.php [L]

  # Rules to correctly serve gzip compressed CSS and JS files.
  # Requires both mod_rewrite and mod_headers to be enabled.
  <IfModule mod_headers.c>
    # Serve gzip compressed CSS files if they exist and the client accepts gzip.
    RewriteCond %{HTTP:Accept-encoding} gzip
    RewriteCond %{REQUEST_FILENAME}\.gz -s
    RewriteRule ^(.*)\.css $1\.css\.gz [QSA]

    # Serve gzip compressed JS files if they exist and the client accepts gzip.
    RewriteCond %{HTTP:Accept-encoding} gzip
    RewriteCond %{REQUEST_FILENAME}\.gz -s
    RewriteRule ^(.*)\.js $1\.js\.gz [QSA]

    # Serve correct content types, and prevent mod_deflate double gzip.
    RewriteRule \.css\.gz$ - [T=text/css,E=no-gzip:1]
    RewriteRule \.js\.gz$ - [T=text/javascript,E=no-gzip:1]

    <FilesMatch "(\.js\.gz|\.css\.gz)$">
      # Serve correct encoding type.
      Header set Content-Encoding gzip
      # Force proxies to cache gzipped & non-gzipped css/js files separately.
      Header append Vary Accept-Encoding
    </FilesMatch>
  </IfModule>
</IfModule>
